Id,degree,betweenesscentrality,eigencentrality,pageranks
1,35,11577.929 ,0.158 ,0.002 
2,5,1965.425 ,0.043 ,0.000 
3,178,73757.375 ,0.777 ,0.006 
4,16,2366.758 ,0.083 ,0.001 
5,207,93651.106 ,0.961 ,0.007 
6,89,26890.152 ,0.400 ,0.003 
7,177,79259.708 ,0.689 ,0.007 
8,73,26544.263 ,0.363 ,0.003 
9,49,7788.489 ,0.315 ,0.002 
10,5,141.196 ,0.037 ,0.000 
11,31,2851.849 ,0.216 ,0.001 
12,20,3113.442 ,0.182 ,0.001 
13,10,163.592 ,0.065 ,0.000 
14,1,0.000 ,0.003 ,0.000 
15,13,539.944 ,0.072 ,0.000 
16,30,5731.777 ,0.147 ,0.001 
17,1,0.000 ,0.003 ,0.000 
18,43,4676.386 ,0.264 ,0.001 
19,56,9901.101 ,0.304 ,0.002 
20,13,375.968 ,0.081 ,0.000 
21,104,25299.204 ,0.492 ,0.003 
22,1,0.000 ,0.003 ,0.000 
23,8,886.220 ,0.060 ,0.000 
24,66,11642.629 ,0.357 ,0.002 
25,11,367.314 ,0.038 ,0.000 
26,18,1851.022 ,0.097 ,0.001 
27,7,70.011 ,0.035 ,0.000 
28,29,2876.548 ,0.210 ,0.001 
29,22,4924.532 ,0.094 ,0.001 
30,6,67.482 ,0.036 ,0.000 
31,15,460.547 ,0.126 ,0.001 
32,14,590.837 ,0.092 ,0.001 
33,1,0.000 ,0.003 ,0.000 
34,1,0.000 ,0.003 ,0.000 
35,1,0.000 ,0.016 ,0.000 
36,241,116384.906 ,0.916 ,0.009 
37,22,1823.099 ,0.138 ,0.001 
38,51,9442.742 ,0.269 ,0.002 
39,183,60565.785 ,0.739 ,0.006 
40,53,6039.551 ,0.226 ,0.002 
41,28,2324.100 ,0.204 ,0.001 
42,22,622.909 ,0.160 ,0.001 
43,56,5634.685 ,0.309 ,0.002 
44,40,1880.839 ,0.281 ,0.001 
45,77,18127.942 ,0.466 ,0.002 
46,13,149.746 ,0.079 ,0.000 
47,22,1312.540 ,0.139 ,0.001 
48,34,5244.664 ,0.283 ,0.001 
49,17,1034.045 ,0.109 ,0.001 
50,227,106608.135 ,0.998 ,0.008 
51,91,34440.882 ,0.433 ,0.003 
52,21,665.902 ,0.166 ,0.001 
53,36,9183.613 ,0.223 ,0.001 
54,15,341.824 ,0.167 ,0.000 
55,121,35424.511 ,0.535 ,0.004 
56,10,244.031 ,0.092 ,0.000 
57,15,772.752 ,0.135 ,0.001 
58,160,42726.712 ,0.736 ,0.005 
59,66,10890.642 ,0.319 ,0.002 
60,23,3651.331 ,0.125 ,0.001 
61,35,3837.748 ,0.207 ,0.001 
62,34,3386.095 ,0.201 ,0.001 
63,44,4019.380 ,0.301 ,0.001 
64,5,231.390 ,0.050 ,0.000 
65,172,55477.048 ,0.786 ,0.005 
66,55,7995.968 ,0.349 ,0.002 
67,23,2792.285 ,0.111 ,0.001 
68,41,6323.636 ,0.274 ,0.001 
69,19,534.905 ,0.127 ,0.001 
70,27,2823.476 ,0.209 ,0.001 
71,106,21252.969 ,0.562 ,0.003 
72,60,7784.490 ,0.364 ,0.002 
73,12,254.255 ,0.079 ,0.000 
74,18,2416.064 ,0.100 ,0.001 
75,42,6199.395 ,0.229 ,0.001 
76,28,3121.017 ,0.234 ,0.001 
77,146,27673.008 ,0.735 ,0.004 
78,6,54.424 ,0.059 ,0.000 
79,6,51.340 ,0.060 ,0.000 
80,36,2538.521 ,0.218 ,0.001 
81,15,464.363 ,0.081 ,0.001 
82,38,5436.327 ,0.210 ,0.001 
83,88,15806.799 ,0.509 ,0.003 
84,77,9894.650 ,0.544 ,0.002 
85,11,135.549 ,0.111 ,0.000 
86,7,75.738 ,0.060 ,0.000 
87,66,6351.266 ,0.393 ,0.002 
88,55,9605.437 ,0.352 ,0.002 
89,23,2632.715 ,0.166 ,0.001 
90,61,5027.801 ,0.324 ,0.002 
91,21,772.886 ,0.097 ,0.001 
92,63,6587.846 ,0.286 ,0.002 
93,36,3455.383 ,0.236 ,0.001 
94,19,3573.818 ,0.084 ,0.001 
95,46,2176.222 ,0.240 ,0.001 
96,5,45.709 ,0.046 ,0.000 
97,3,4.040 ,0.033 ,0.000 
98,62,9918.457 ,0.328 ,0.002 
99,1,0.000 ,0.016 ,0.000 
100,38,5450.264 ,0.291 ,0.001 
101,8,34.091 ,0.071 ,0.000 
102,23,2691.317 ,0.160 ,0.001 
103,49,3924.761 ,0.288 ,0.001 
104,71,10216.732 ,0.402 ,0.002 
105,86,23654.222 ,0.448 ,0.003 
106,17,580.189 ,0.139 ,0.001 
107,53,5362.433 ,0.329 ,0.002 
108,48,9101.390 ,0.325 ,0.002 
109,6,95.505 ,0.059 ,0.000 
110,10,2103.903 ,0.070 ,0.000 
111,18,381.750 ,0.137 ,0.001 
112,20,994.060 ,0.100 ,0.001 
113,16,510.069 ,0.093 ,0.001 
114,45,4074.392 ,0.201 ,0.001 
115,21,665.594 ,0.114 ,0.001 
116,40,4784.917 ,0.169 ,0.001 
117,11,111.432 ,0.084 ,0.000 
118,6,84.585 ,0.045 ,0.000 
119,23,827.781 ,0.194 ,0.001 
120,20,825.361 ,0.089 ,0.001 
121,29,1727.517 ,0.142 ,0.001 
122,16,3496.437 ,0.113 ,0.001 
123,63,10824.829 ,0.364 ,0.002 
124,14,294.600 ,0.064 ,0.000 
125,93,13676.741 ,0.502 ,0.003 
126,6,90.721 ,0.043 ,0.000 
127,12,150.259 ,0.092 ,0.000 
128,14,2693.079 ,0.071 ,0.001 
129,15,499.015 ,0.118 ,0.000 
130,44,6038.176 ,0.278 ,0.001 
131,13,2023.746 ,0.077 ,0.000 
132,15,349.819 ,0.079 ,0.001 
133,45,4217.890 ,0.287 ,0.001 
134,33,2306.701 ,0.248 ,0.001 
135,10,143.860 ,0.062 ,0.000 
136,69,11008.933 ,0.328 ,0.002 
137,23,1483.097 ,0.153 ,0.001 
138,66,11089.361 ,0.316 ,0.002 
139,6,68.089 ,0.040 ,0.000 
140,25,3773.437 ,0.159 ,0.001 
141,9,384.316 ,0.043 ,0.000 
142,34,9452.397 ,0.165 ,0.001 
143,67,9454.751 ,0.361 ,0.002 
144,18,956.630 ,0.102 ,0.001 
145,99,18423.170 ,0.507 ,0.003 
146,41,5338.785 ,0.253 ,0.001 
147,2,73.544 ,0.016 ,0.000 
148,11,411.165 ,0.113 ,0.000 
149,10,73.136 ,0.077 ,0.000 
150,35,4431.035 ,0.211 ,0.001 
151,15,929.760 ,0.091 ,0.001 
152,4,406.015 ,0.019 ,0.000 
153,9,156.401 ,0.081 ,0.000 
154,12,368.775 ,0.083 ,0.000 
155,117,29580.733 ,0.557 ,0.004 
156,45,5018.152 ,0.272 ,0.001 
157,2,0.000 ,0.030 ,0.000 
158,5,24.915 ,0.041 ,0.000 
159,20,2340.514 ,0.130 ,0.001 
160,13,425.511 ,0.050 ,0.000 
161,21,1680.706 ,0.125 ,0.001 
162,30,4459.242 ,0.224 ,0.001 
163,18,880.893 ,0.129 ,0.001 
164,15,505.744 ,0.109 ,0.001 
165,6,43.062 ,0.045 ,0.000 
166,3,19.949 ,0.033 ,0.000 
167,28,2889.117 ,0.178 ,0.001 
168,10,430.004 ,0.056 ,0.000 
169,9,146.935 ,0.064 ,0.000 
170,8,491.530 ,0.071 ,0.000 
171,3,7.117 ,0.023 ,0.000 
172,15,2257.487 ,0.133 ,0.001 
173,5,38.214 ,0.053 ,0.000 
174,9,485.996 ,0.083 ,0.000 
175,41,4129.740 ,0.214 ,0.001 
176,5,49.118 ,0.055 ,0.000 
177,8,490.578 ,0.052 ,0.000 
178,39,5600.200 ,0.242 ,0.001 
179,1,0.000 ,0.016 ,0.000 
180,2,10.444 ,0.021 ,0.000 
181,6,74.778 ,0.055 ,0.000 
182,2,23.906 ,0.024 ,0.000 
183,1,0.000 ,0.016 ,0.000 
184,110,21354.921 ,0.473 ,0.003 
185,4,4.744 ,0.034 ,0.000 
186,6,28.672 ,0.041 ,0.000 
187,15,1360.418 ,0.075 ,0.001 
188,1,0.000 ,0.016 ,0.000 
189,1,0.000 ,0.016 ,0.000 
190,2,26.865 ,0.017 ,0.000 
191,1,0.000 ,0.016 ,0.000 
192,4,6.228 ,0.057 ,0.000 
193,1,0.000 ,0.001 ,0.000 
194,65,7372.121 ,0.258 ,0.002 
195,5,35.044 ,0.025 ,0.000 
196,53,3506.463 ,0.280 ,0.002 
197,36,1794.592 ,0.235 ,0.001 
198,30,1549.723 ,0.220 ,0.001 
199,5,188.667 ,0.018 ,0.000 
200,43,1854.264 ,0.243 ,0.001 
201,13,268.622 ,0.056 ,0.000 
202,83,12618.673 ,0.402 ,0.002 
203,21,760.535 ,0.136 ,0.001 
204,31,3560.679 ,0.228 ,0.001 
205,89,14322.405 ,0.463 ,0.003 
206,23,949.323 ,0.105 ,0.001 
207,37,4602.634 ,0.247 ,0.001 
208,22,996.305 ,0.145 ,0.001 
209,29,1161.186 ,0.249 ,0.001 
210,10,263.940 ,0.072 ,0.000 
211,17,2116.722 ,0.111 ,0.001 
212,36,1166.447 ,0.227 ,0.001 
213,27,1200.945 ,0.185 ,0.001 
214,8,90.118 ,0.083 ,0.000 
215,51,3050.086 ,0.344 ,0.001 
216,55,4686.830 ,0.319 ,0.002 
217,8,66.476 ,0.071 ,0.000 
218,32,1441.281 ,0.164 ,0.001 
219,9,206.511 ,0.110 ,0.000 
220,4,16.528 ,0.015 ,0.000 
221,4,39.012 ,0.030 ,0.000 
222,8,124.737 ,0.038 ,0.000 
223,20,3064.970 ,0.167 ,0.001 
224,16,1300.874 ,0.117 ,0.001 
225,47,4675.854 ,0.279 ,0.001 
226,35,2366.760 ,0.215 ,0.001 
227,32,2358.498 ,0.220 ,0.001 
228,51,4784.458 ,0.350 ,0.001 
229,2,2.333 ,0.013 ,0.000 
230,2,2.710 ,0.008 ,0.000 
231,10,96.451 ,0.058 ,0.000 
232,64,11140.699 ,0.388 ,0.002 
233,110,36597.757 ,0.352 ,0.004 
234,2,2.604 ,0.017 ,0.000 
235,10,2007.952 ,0.061 ,0.000 
236,63,8724.748 ,0.376 ,0.002 
237,79,6141.812 ,0.464 ,0.002 
238,24,1747.215 ,0.119 ,0.001 
239,5,12.254 ,0.033 ,0.000 
240,7,30.989 ,0.036 ,0.000 
241,24,863.220 ,0.211 ,0.001 
242,35,1318.706 ,0.212 ,0.001 
243,12,137.559 ,0.091 ,0.000 
244,83,10182.453 ,0.460 ,0.002 
245,17,420.122 ,0.096 ,0.001 
246,46,3418.943 ,0.271 ,0.001 
247,35,3690.592 ,0.128 ,0.001 
248,11,201.349 ,0.097 ,0.000 
249,17,2184.982 ,0.079 ,0.001 
250,31,3146.738 ,0.153 ,0.001 
251,2,10.555 ,0.009 ,0.000 
252,2,1891.000 ,0.019 ,0.000 
253,3,34.655 ,0.051 ,0.000 
254,142,33244.290 ,0.686 ,0.004 
255,3,47.964 ,0.042 ,0.000 
256,4,77.233 ,0.059 ,0.000 
257,1,0.000 ,0.019 ,0.000 
258,2,0.000 ,0.034 ,0.000 
259,2,24.432 ,0.027 ,0.000 
260,7,3715.826 ,0.074 ,0.000 
261,3,106.698 ,0.027 ,0.000 
262,1,0.000 ,0.019 ,0.000 
263,57,4221.688 ,0.287 ,0.002 
264,2,10.553 ,0.027 ,0.000 
265,1,0.000 ,0.019 ,0.000 
266,49,7493.245 ,0.342 ,0.002 
267,17,4640.214 ,0.117 ,0.001 
268,22,4374.910 ,0.188 ,0.001 
269,5,186.644 ,0.066 ,0.000 
270,156,50125.714 ,0.667 ,0.005 
271,5,1984.566 ,0.052 ,0.000 
272,9,2222.463 ,0.052 ,0.000 
273,10,234.532 ,0.093 ,0.000 
274,75,10263.537 ,0.440 ,0.002 
275,24,1965.546 ,0.184 ,0.001 
276,12,372.703 ,0.091 ,0.000 
277,10,257.182 ,0.083 ,0.000 
278,25,950.559 ,0.171 ,0.001 
279,3,7.211 ,0.030 ,0.000 
280,34,4760.637 ,0.232 ,0.001 
281,3,5.826 ,0.037 ,0.000 
282,17,2361.191 ,0.146 ,0.001 
283,1,0.000 ,0.019 ,0.000 
284,10,2581.645 ,0.082 ,0.000 
285,15,401.246 ,0.129 ,0.000 
286,1,0.000 ,0.019 ,0.000 
287,19,1177.745 ,0.177 ,0.001 
288,6,106.419 ,0.064 ,0.000 
289,3,34.655 ,0.051 ,0.000 
290,41,4849.611 ,0.292 ,0.001 
291,14,550.509 ,0.122 ,0.000 
292,9,155.752 ,0.083 ,0.000 
293,34,2074.650 ,0.252 ,0.001 
294,3,15.916 ,0.045 ,0.000 
295,29,2629.420 ,0.183 ,0.001 
296,5,218.046 ,0.041 ,0.000 
297,7,444.556 ,0.045 ,0.000 
298,4,83.868 ,0.054 ,0.000 
299,21,1236.333 ,0.150 ,0.001 
300,50,5963.178 ,0.254 ,0.002 
301,2,8.871 ,0.026 ,0.000 
302,23,2273.467 ,0.155 ,0.001 
303,24,3292.399 ,0.162 ,0.001 
304,4,10.988 ,0.045 ,0.000 
305,30,1373.763 ,0.234 ,0.001 
306,17,496.814 ,0.106 ,0.001 
307,33,1664.234 ,0.239 ,0.001 
308,18,475.870 ,0.126 ,0.001 
309,33,2601.064 ,0.217 ,0.001 
310,23,2023.213 ,0.161 ,0.001 
311,1,0.000 ,0.019 ,0.000 
312,25,2808.067 ,0.233 ,0.001 
313,8,127.870 ,0.063 ,0.000 
314,58,7104.014 ,0.290 ,0.002 
315,22,1043.288 ,0.129 ,0.001 
316,69,9096.655 ,0.440 ,0.002 
317,26,1170.134 ,0.189 ,0.001 
318,23,1006.940 ,0.145 ,0.001 
319,31,1616.126 ,0.237 ,0.001 
320,3,36.736 ,0.046 ,0.000 
321,39,4864.069 ,0.277 ,0.001 
322,38,4874.027 ,0.239 ,0.001 
323,9,233.158 ,0.089 ,0.000 
324,10,191.604 ,0.114 ,0.000 
325,68,9604.745 ,0.422 ,0.002 
326,44,3145.994 ,0.232 ,0.001 
327,30,2703.315 ,0.269 ,0.001 
328,7,79.445 ,0.083 ,0.000 
329,12,386.261 ,0.111 ,0.000 
330,38,5005.670 ,0.271 ,0.001 
331,41,5070.027 ,0.282 ,0.001 
332,123,28618.572 ,0.732 ,0.004 
333,12,1531.298 ,0.104 ,0.000 
334,30,2156.253 ,0.203 ,0.001 
335,73,12012.317 ,0.398 ,0.002 
336,74,16823.112 ,0.430 ,0.002 
337,169,52233.528 ,0.781 ,0.005 
338,67,7255.222 ,0.402 ,0.002 
339,21,888.072 ,0.135 ,0.001 
340,85,20199.976 ,0.378 ,0.003 
341,26,1480.670 ,0.237 ,0.001 
342,12,879.104 ,0.082 ,0.000 
343,42,6551.037 ,0.281 ,0.001 
344,161,55036.541 ,0.721 ,0.005 
345,10,222.694 ,0.111 ,0.000 
346,19,838.568 ,0.164 ,0.001 
347,56,11690.207 ,0.341 ,0.002 
348,26,1699.299 ,0.167 ,0.001 
349,16,741.886 ,0.122 ,0.001 
350,24,1564.613 ,0.201 ,0.001 
351,20,598.364 ,0.135 ,0.001 
352,30,3581.689 ,0.219 ,0.001 
353,6,175.632 ,0.065 ,0.000 
354,44,5948.740 ,0.220 ,0.001 
355,37,2320.151 ,0.267 ,0.001 
356,15,519.924 ,0.107 ,0.001 
357,15,631.498 ,0.138 ,0.001 
358,10,277.578 ,0.103 ,0.000 
359,28,4363.068 ,0.247 ,0.001 
360,4,29.181 ,0.035 ,0.000 
361,11,1340.982 ,0.113 ,0.000 
362,28,1257.647 ,0.145 ,0.001 
363,12,363.772 ,0.093 ,0.000 
364,33,2943.825 ,0.251 ,0.001 
365,23,1898.653 ,0.175 ,0.001 
366,15,4281.752 ,0.077 ,0.001 
367,41,2620.239 ,0.305 ,0.001 
368,5,84.127 ,0.046 ,0.000 
369,21,1095.912 ,0.145 ,0.001 
370,11,235.642 ,0.118 ,0.000 
371,32,3162.928 ,0.219 ,0.001 
372,5,128.116 ,0.043 ,0.000 
373,4,41.050 ,0.047 ,0.000 
374,1,0.000 ,0.019 ,0.000 
375,6,501.205 ,0.040 ,0.000 
376,5,70.675 ,0.041 ,0.000 
377,65,11892.730 ,0.390 ,0.002 
378,5,51.476 ,0.040 ,0.000 
379,5,21.015 ,0.044 ,0.000 
380,8,110.945 ,0.075 ,0.000 
381,50,7200.410 ,0.296 ,0.002 
382,9,357.104 ,0.094 ,0.000 
383,28,1758.687 ,0.183 ,0.001 
384,6,123.529 ,0.033 ,0.000 
385,37,4267.053 ,0.158 ,0.001 
386,38,5451.504 ,0.219 ,0.001 
387,15,497.852 ,0.100 ,0.001 
388,37,3423.566 ,0.188 ,0.001 
389,5,178.135 ,0.036 ,0.000 
390,17,557.462 ,0.137 ,0.001 
391,5,58.686 ,0.036 ,0.000 
392,71,12518.069 ,0.423 ,0.002 
393,11,313.515 ,0.072 ,0.000 
394,13,400.580 ,0.111 ,0.000 
395,31,1731.697 ,0.114 ,0.001 
396,12,363.418 ,0.083 ,0.000 
397,4,54.157 ,0.036 ,0.000 
398,1,0.000 ,0.019 ,0.000 
399,2,0.000 ,0.021 ,0.000 
400,5,125.497 ,0.039 ,0.000 
401,5,37.755 ,0.035 ,0.000 
402,5,71.370 ,0.046 ,0.000 
403,29,4903.270 ,0.176 ,0.001 
404,12,557.329 ,0.078 ,0.000 
405,14,1543.738 ,0.062 ,0.001 
406,3,26.398 ,0.042 ,0.000 
407,18,1632.409 ,0.149 ,0.001 
408,22,3221.962 ,0.145 ,0.001 
409,5,262.658 ,0.034 ,0.000 
410,3,1903.536 ,0.034 ,0.000 
411,4,43.578 ,0.043 ,0.000 
412,89,24695.270 ,0.370 ,0.003 
413,5,56.747 ,0.049 ,0.000 
414,2,5.677 ,0.024 ,0.000 
415,17,394.103 ,0.108 ,0.001 
416,9,916.748 ,0.057 ,0.000 
417,2,4.752 ,0.040 ,0.000 
418,43,5013.178 ,0.229 ,0.001 
419,9,673.618 ,0.063 ,0.000 
420,36,5156.203 ,0.175 ,0.001 
421,23,1605.115 ,0.147 ,0.001 
422,1,0.000 ,0.019 ,0.000 
423,1,0.000 ,0.019 ,0.000 
424,4,119.251 ,0.045 ,0.000 
425,2,0.000 ,0.039 ,0.000 
426,6,112.744 ,0.062 ,0.000 
427,2,5.549 ,0.035 ,0.000 
428,2,17.981 ,0.027 ,0.000 
429,8,57.259 ,0.105 ,0.000 
430,8,172.085 ,0.067 ,0.000 
431,14,945.163 ,0.099 ,0.001 
432,3,14.425 ,0.024 ,0.000 
433,2,40.879 ,0.020 ,0.000 
434,1,0.000 ,0.019 ,0.000 
435,2,0.000 ,0.033 ,0.000 
436,2,0.000 ,0.033 ,0.000 
437,18,635.314 ,0.123 ,0.001 
438,9,2045.094 ,0.050 ,0.000 
439,1,0.000 ,0.001 ,0.000 
440,3,14.727 ,0.046 ,0.000 
441,4,6.071 ,0.046 ,0.000 
442,15,197.627 ,0.111 ,0.000 
443,12,1267.728 ,0.112 ,0.000 
444,22,4003.265 ,0.142 ,0.001 
445,255,86599.366 ,1.000 ,0.008 
446,22,1230.562 ,0.137 ,0.001 
447,85,17953.296 ,0.412 ,0.003 
448,21,785.259 ,0.128 ,0.001 
449,33,2906.520 ,0.200 ,0.001 
450,12,370.767 ,0.108 ,0.000 
451,84,9419.446 ,0.470 ,0.002 
452,12,3008.479 ,0.078 ,0.001 
453,22,974.209 ,0.139 ,0.001 
454,16,373.744 ,0.129 ,0.001 
455,3,10.371 ,0.051 ,0.000 
456,39,6029.576 ,0.252 ,0.001 
457,72,8097.523 ,0.357 ,0.002 
458,25,4961.029 ,0.171 ,0.001 
459,10,160.417 ,0.096 ,0.000 
460,58,5584.516 ,0.330 ,0.002 
461,55,6431.243 ,0.285 ,0.002 
462,34,2137.009 ,0.218 ,0.001 
463,71,7946.453 ,0.360 ,0.002 
464,23,758.164 ,0.110 ,0.001 
465,14,377.669 ,0.116 ,0.000 
466,22,789.336 ,0.202 ,0.001 
467,78,9347.811 ,0.497 ,0.002 
468,44,3371.517 ,0.245 ,0.001 
469,9,193.351 ,0.046 ,0.000 
470,6,578.653 ,0.041 ,0.000 
471,54,4058.341 ,0.274 ,0.002 
472,6,85.406 ,0.048 ,0.000 
473,43,2263.436 ,0.312 ,0.001 
474,30,2463.545 ,0.225 ,0.001 
475,7,338.667 ,0.069 ,0.000 
476,32,4630.583 ,0.182 ,0.001 
477,3,2.494 ,0.028 ,0.000 
478,14,2716.937 ,0.101 ,0.001 
479,10,298.743 ,0.065 ,0.000 
480,44,5523.362 ,0.257 ,0.001 
481,15,919.739 ,0.112 ,0.001 
482,12,393.999 ,0.081 ,0.000 
483,51,4200.256 ,0.305 ,0.002 
484,20,1783.693 ,0.143 ,0.001 
485,11,83.226 ,0.103 ,0.000 
486,21,723.144 ,0.159 ,0.001 
487,7,142.808 ,0.062 ,0.000 
488,4,15.490 ,0.042 ,0.000 
489,1,0.000 ,0.014 ,0.000 
490,22,2617.509 ,0.131 ,0.001 
491,8,35.547 ,0.075 ,0.000 
492,15,385.772 ,0.113 ,0.001 
493,36,3127.474 ,0.222 ,0.001 
494,7,156.488 ,0.042 ,0.000 
495,30,1761.953 ,0.147 ,0.001 
496,9,75.410 ,0.049 ,0.000 
497,12,911.675 ,0.067 ,0.000 
498,16,492.545 ,0.120 ,0.001 
499,38,2719.128 ,0.194 ,0.001 
500,12,118.272 ,0.062 ,0.000 
501,11,287.964 ,0.096 ,0.000 
502,11,2297.381 ,0.066 ,0.000 
503,20,2657.243 ,0.097 ,0.001 
504,4,20.150 ,0.024 ,0.000 
505,5,161.348 ,0.030 ,0.000 
506,8,202.781 ,0.087 ,0.000 
507,5,51.801 ,0.045 ,0.000 
508,3,44.510 ,0.045 ,0.000 
509,24,1792.450 ,0.152 ,0.001 
510,3,86.085 ,0.016 ,0.000 
511,10,252.883 ,0.115 ,0.000 
512,6,58.622 ,0.072 ,0.000 
513,1,0.000 ,0.008 ,0.000 
514,4,857.893 ,0.045 ,0.000 
515,8,110.507 ,0.080 ,0.000 
516,46,3605.737 ,0.294 ,0.001 
517,9,313.064 ,0.080 ,0.000 
518,2,5.909 ,0.012 ,0.000 
519,40,8435.247 ,0.282 ,0.001 
520,27,1191.721 ,0.204 ,0.001 
521,37,2140.130 ,0.299 ,0.001 
522,5,50.391 ,0.029 ,0.000 
523,9,203.377 ,0.073 ,0.000 
524,4,72.903 ,0.030 ,0.000 
525,2,74.787 ,0.008 ,0.000 
526,10,713.206 ,0.079 ,0.000 
527,2,25.597 ,0.024 ,0.000 
528,35,2438.736 ,0.229 ,0.001 
529,8,2048.426 ,0.069 ,0.000 
530,2,4.652 ,0.011 ,0.000 
531,4,52.804 ,0.031 ,0.000 
532,4,58.527 ,0.032 ,0.000 
533,27,2257.222 ,0.173 ,0.001 
534,39,6512.791 ,0.268 ,0.001 
535,29,1227.994 ,0.185 ,0.001 
536,48,4207.437 ,0.287 ,0.001 
537,2,35.814 ,0.011 ,0.000 
538,4,40.579 ,0.026 ,0.000 
539,17,865.223 ,0.133 ,0.001 
540,10,422.615 ,0.090 ,0.000 
541,13,259.914 ,0.070 ,0.000 
542,4,93.906 ,0.050 ,0.000 
543,9,112.331 ,0.098 ,0.000 
544,2,5.004 ,0.015 ,0.000 
545,34,4391.773 ,0.164 ,0.001 
546,3,42.616 ,0.017 ,0.000 
547,27,1500.607 ,0.137 ,0.001 
548,46,3532.731 ,0.255 ,0.001 
549,3,49.677 ,0.029 ,0.000 
550,1,0.000 ,0.008 ,0.000 
551,4,16.249 ,0.057 ,0.000 
552,18,488.201 ,0.131 ,0.001 
553,14,406.497 ,0.079 ,0.000 
554,1,0.000 ,0.008 ,0.000 
555,4,74.499 ,0.019 ,0.000 
556,1,0.000 ,0.008 ,0.000 
557,35,1853.132 ,0.241 ,0.001 
558,11,426.990 ,0.045 ,0.000 
559,2,9.796 ,0.022 ,0.000 
560,3,24.215 ,0.037 ,0.000 
561,3,20.209 ,0.014 ,0.000 
562,1,0.000 ,0.008 ,0.000 
563,7,286.629 ,0.053 ,0.000 
564,3,22.891 ,0.043 ,0.000 
565,1,0.000 ,0.008 ,0.000 
566,3,28.069 ,0.019 ,0.000 
567,1,0.000 ,0.008 ,0.000 
568,2,42.648 ,0.016 ,0.000 
569,2,26.349 ,0.010 ,0.000 
570,2,12.645 ,0.002 ,0.000 
571,1,0.000 ,0.002 ,0.000 
572,3,147.629 ,0.006 ,0.000 
573,66,18064.812 ,0.281 ,0.002 
574,82,17123.379 ,0.409 ,0.003 
575,26,4099.525 ,0.182 ,0.001 
576,45,4663.991 ,0.221 ,0.001 
577,5,38.680 ,0.022 ,0.000 
578,15,637.050 ,0.059 ,0.001 
579,1,0.000 ,0.006 ,0.000 
580,13,156.781 ,0.106 ,0.000 
581,17,322.209 ,0.150 ,0.001 
582,12,159.551 ,0.102 ,0.000 
583,66,8159.063 ,0.330 ,0.002 
584,2,0.000 ,0.021 ,0.000 
585,5,9.858 ,0.037 ,0.000 
586,50,4041.533 ,0.318 ,0.001 
587,31,3027.061 ,0.146 ,0.001 
588,18,283.529 ,0.105 ,0.001 
589,7,70.131 ,0.030 ,0.000 
590,22,1179.050 ,0.138 ,0.001 
591,11,148.234 ,0.073 ,0.000 
592,9,82.827 ,0.080 ,0.000 
593,8,58.242 ,0.031 ,0.000 
594,12,2284.809 ,0.045 ,0.001 
595,13,411.520 ,0.038 ,0.000 
596,30,2754.965 ,0.171 ,0.001 
597,3,4.545 ,0.013 ,0.000 
598,2,2.188 ,0.013 ,0.000 
599,152,37679.390 ,0.687 ,0.005 
600,7,54.536 ,0.034 ,0.000 
601,23,1158.809 ,0.100 ,0.001 
602,93,20343.948 ,0.387 ,0.003 
603,17,270.211 ,0.086 ,0.001 
604,8,1954.352 ,0.020 ,0.000 
605,21,3397.105 ,0.106 ,0.001 
606,6,626.652 ,0.028 ,0.000 
607,1,0.000 ,0.002 ,0.000 
608,35,2195.717 ,0.204 ,0.001 
609,29,1171.709 ,0.164 ,0.001 
610,22,1030.221 ,0.170 ,0.001 
611,2,58.820 ,0.010 ,0.000 
612,38,6196.585 ,0.166 ,0.001 
613,12,159.513 ,0.058 ,0.000 
614,1,0.000 ,0.002 ,0.000 
615,7,39.796 ,0.029 ,0.000 
616,3,4.538 ,0.046 ,0.000 
617,18,1828.137 ,0.124 ,0.001 
618,1,0.000 ,0.020 ,0.000 
619,5,289.241 ,0.040 ,0.000 
620,1,0.000 ,0.020 ,0.000 
621,16,367.249 ,0.110 ,0.001 
622,2,0.000 ,0.021 ,0.000 
623,10,772.329 ,0.066 ,0.000 
624,9,202.566 ,0.061 ,0.000 
625,5,13.670 ,0.057 ,0.000 
626,67,7236.008 ,0.416 ,0.002 
627,13,3011.473 ,0.092 ,0.001 
628,27,1479.896 ,0.177 ,0.001 
629,46,4115.089 ,0.251 ,0.001 
630,26,1187.259 ,0.181 ,0.001 
631,54,5975.885 ,0.319 ,0.002 
632,38,5429.391 ,0.222 ,0.001 
633,59,8602.809 ,0.345 ,0.002 
634,15,2698.115 ,0.119 ,0.001 
635,16,4501.133 ,0.083 ,0.001 
636,101,56098.532 ,0.373 ,0.005 
637,44,3414.383 ,0.270 ,0.001 
638,23,2687.027 ,0.164 ,0.001 
639,38,4992.842 ,0.236 ,0.001 
640,14,309.199 ,0.102 ,0.000 
641,113,29628.029 ,0.488 ,0.004 
642,15,792.006 ,0.083 ,0.001 
643,4,38.093 ,0.038 ,0.000 
644,30,2315.532 ,0.146 ,0.001 
645,22,3014.211 ,0.181 ,0.001 
646,47,3627.920 ,0.291 ,0.001 
647,9,171.514 ,0.073 ,0.000 
648,16,361.694 ,0.123 ,0.001 
649,16,1213.313 ,0.098 ,0.001 
650,10,135.197 ,0.093 ,0.000 
651,38,6620.939 ,0.200 ,0.001 
652,31,4958.938 ,0.202 ,0.001 
653,23,795.971 ,0.155 ,0.001 
654,7,320.308 ,0.048 ,0.000 
655,3,13.465 ,0.038 ,0.000 
656,13,367.928 ,0.101 ,0.000 
657,12,559.880 ,0.071 ,0.000 
658,27,2638.559 ,0.208 ,0.001 
659,19,579.084 ,0.124 ,0.001 
660,2,21.558 ,0.023 ,0.000 
661,12,752.540 ,0.087 ,0.000 
662,5,50.881 ,0.044 ,0.000 
663,8,167.404 ,0.071 ,0.000 
664,3,14.005 ,0.034 ,0.000 
665,4,5.712 ,0.041 ,0.000 
666,16,1155.825 ,0.130 ,0.001 
667,17,422.223 ,0.127 ,0.001 
668,18,12026.468 ,0.059 ,0.001 
669,20,997.999 ,0.146 ,0.001 
670,7,462.478 ,0.072 ,0.000 
671,1,0.000 ,0.020 ,0.000 
672,99,30143.891 ,0.361 ,0.004 
673,18,3452.909 ,0.111 ,0.001 
674,22,1184.155 ,0.132 ,0.001 
675,22,653.634 ,0.166 ,0.001 
676,2,7.260 ,0.021 ,0.000 
677,3,82.725 ,0.035 ,0.000 
678,3,10.103 ,0.043 ,0.000 
679,1,0.000 ,0.020 ,0.000 
680,2,0.000 ,0.033 ,0.000 
681,12,272.713 ,0.086 ,0.000 
682,3,38.810 ,0.023 ,0.000 
683,2,0.000 ,0.033 ,0.000 
684,1,0.000 ,0.020 ,0.000 
685,1,0.000 ,0.020 ,0.000 
686,1,0.000 ,0.020 ,0.000 
687,1,0.000 ,0.020 ,0.000 
688,9,237.895 ,0.050 ,0.000 
689,2,0.662 ,0.013 ,0.000 
690,3,16.607 ,0.024 ,0.000 
691,36,2273.528 ,0.162 ,0.001 
692,9,1538.745 ,0.076 ,0.000 
693,8,50.807 ,0.058 ,0.000 
694,23,1004.099 ,0.162 ,0.001 
695,21,1278.950 ,0.134 ,0.001 
696,7,176.161 ,0.051 ,0.000 
697,45,9885.256 ,0.250 ,0.002 
698,1,0.000 ,0.008 ,0.000 
699,48,2646.017 ,0.241 ,0.001 
700,2,5.249 ,0.012 ,0.000 
701,12,194.344 ,0.085 ,0.000 
702,2,0.000 ,0.016 ,0.000 
703,6,66.716 ,0.046 ,0.000 
704,8,71.414 ,0.068 ,0.000 
705,2,3.779 ,0.024 ,0.000 
706,4,73.300 ,0.024 ,0.000 
707,1,0.000 ,0.008 ,0.000 
708,14,187.650 ,0.083 ,0.000 
709,5,17.301 ,0.051 ,0.000 
710,3,6.547 ,0.018 ,0.000 
711,10,74.578 ,0.040 ,0.000 
712,2,7.303 ,0.023 ,0.000 
713,44,2890.265 ,0.212 ,0.001 
714,7,61.832 ,0.061 ,0.000 
715,29,1591.876 ,0.185 ,0.001 
716,15,1258.134 ,0.088 ,0.001 
717,38,2476.533 ,0.190 ,0.001 
718,26,1028.241 ,0.129 ,0.001 
719,227,107890.694 ,0.784 ,0.009 
720,6,78.026 ,0.039 ,0.000 
721,3,4.427 ,0.038 ,0.000 
722,8,68.259 ,0.058 ,0.000 
723,2,3.523 ,0.011 ,0.000 
724,12,4588.744 ,0.050 ,0.001 
725,91,10049.016 ,0.515 ,0.003 
726,25,2358.762 ,0.152 ,0.001 
727,5,30.092 ,0.022 ,0.000 
728,1,0.000 ,0.008 ,0.000 
729,5,456.577 ,0.021 ,0.000 
730,9,278.403 ,0.070 ,0.000 
731,50,17322.551 ,0.153 ,0.002 
732,39,2407.231 ,0.182 ,0.001 
733,7,94.154 ,0.062 ,0.000 
734,7,2024.923 ,0.025 ,0.000 
735,5,25.894 ,0.062 ,0.000 
736,48,6845.916 ,0.300 ,0.002 
737,7,67.134 ,0.084 ,0.000 
738,3,23.771 ,0.032 ,0.000 
739,7,205.265 ,0.073 ,0.000 
740,6,191.061 ,0.026 ,0.000 
741,1,0.000 ,0.015 ,0.000 
742,16,2707.451 ,0.101 ,0.001 
743,3,507.011 ,0.018 ,0.000 
744,4,29.051 ,0.063 ,0.000 
745,4,71.267 ,0.048 ,0.000 
746,4,68.964 ,0.042 ,0.000 
747,9,216.593 ,0.061 ,0.000 
748,105,17257.146 ,0.511 ,0.003 
749,3,11.880 ,0.032 ,0.000 
750,3,43.324 ,0.021 ,0.000 
751,2,5.292 ,0.018 ,0.000 
752,3,40.650 ,0.033 ,0.000 
753,2,0.000 ,0.020 ,0.000 
754,13,299.278 ,0.095 ,0.000 
755,8,77.036 ,0.077 ,0.000 
756,9,107.473 ,0.065 ,0.000 
757,24,846.459 ,0.185 ,0.001 
758,3,11.675 ,0.034 ,0.000 
759,4,34.331 ,0.040 ,0.000 
760,62,5362.462 ,0.350 ,0.002 
761,26,2835.989 ,0.181 ,0.001 
762,29,1817.547 ,0.208 ,0.001 
763,23,2532.271 ,0.114 ,0.001 
764,4,16.996 ,0.049 ,0.000 
765,2,0.000 ,0.021 ,0.000 
766,12,265.656 ,0.077 ,0.000 
767,11,2201.312 ,0.063 ,0.000 
768,3,5.270 ,0.023 ,0.000 
769,4,18.644 ,0.033 ,0.000 
770,28,1453.271 ,0.137 ,0.001 
771,29,2110.094 ,0.204 ,0.001 
772,16,411.391 ,0.101 ,0.001 
773,27,2057.354 ,0.194 ,0.001 
774,39,5839.107 ,0.231 ,0.001 
775,17,1036.639 ,0.076 ,0.001 
776,5,60.752 ,0.028 ,0.000 
777,9,167.534 ,0.055 ,0.000 
778,12,113.632 ,0.105 ,0.000 
779,22,770.579 ,0.135 ,0.001 
780,14,167.461 ,0.132 ,0.000 
781,31,6029.733 ,0.186 ,0.001 
782,5,24.177 ,0.049 ,0.000 
783,6,72.345 ,0.053 ,0.000 
784,31,1661.099 ,0.226 ,0.001 
785,80,10870.864 ,0.396 ,0.002 
786,42,5748.733 ,0.172 ,0.001 
787,46,4370.228 ,0.210 ,0.001 
788,17,599.253 ,0.112 ,0.001 
789,9,164.078 ,0.080 ,0.000 
790,1,0.000 ,0.015 ,0.000 
791,5,107.710 ,0.050 ,0.000 
792,2,0.000 ,0.026 ,0.000 
793,1,0.000 ,0.015 ,0.000 
794,52,4946.951 ,0.251 ,0.002 
795,19,429.098 ,0.122 ,0.001 
796,58,8156.902 ,0.277 ,0.002 
797,35,2387.334 ,0.219 ,0.001 
798,11,212.090 ,0.107 ,0.000 
799,13,697.319 ,0.122 ,0.000 
800,30,1489.368 ,0.205 ,0.001 
801,12,188.330 ,0.085 ,0.000 
802,22,673.955 ,0.151 ,0.001 
803,22,1702.322 ,0.126 ,0.001 
804,4,366.166 ,0.018 ,0.000 
805,7,199.575 ,0.067 ,0.000 
806,11,120.500 ,0.106 ,0.000 
807,15,390.360 ,0.122 ,0.001 
808,5,19.911 ,0.038 ,0.000 
809,12,192.847 ,0.111 ,0.000 
810,32,4697.411 ,0.195 ,0.001 
811,22,9093.630 ,0.107 ,0.001 
812,2,37.458 ,0.016 ,0.000 
813,23,1661.929 ,0.114 ,0.001 
814,41,1844.610 ,0.256 ,0.001 
815,18,608.663 ,0.109 ,0.001 
816,2,6.971 ,0.019 ,0.000 
817,2,10.595 ,0.020 ,0.000 
818,18,1105.338 ,0.138 ,0.001 
819,14,870.748 ,0.100 ,0.000 
820,6,246.158 ,0.040 ,0.000 
821,23,2433.261 ,0.157 ,0.001 
822,3,63.281 ,0.036 ,0.000 
823,7,108.836 ,0.069 ,0.000 
824,7,91.699 ,0.059 ,0.000 
825,11,772.892 ,0.068 ,0.000 
826,4,13.431 ,0.028 ,0.000 
827,1,0.000 ,0.014 ,0.000 
828,1,0.000 ,0.014 ,0.000 
829,7,54.026 ,0.043 ,0.000 
830,1,0.000 ,0.014 ,0.000 
831,1,0.000 ,0.014 ,0.000 
832,10,167.089 ,0.072 ,0.000 
833,13,1462.212 ,0.085 ,0.000 
834,4,19.935 ,0.046 ,0.000 
835,2,3.145 ,0.019 ,0.000 
836,7,1955.091 ,0.050 ,0.000 
837,4,31.714 ,0.027 ,0.000 
838,9,185.931 ,0.053 ,0.000 
839,1,0.000 ,0.014 ,0.000 
840,18,3222.426 ,0.065 ,0.001 
841,21,491.422 ,0.142 ,0.001 
842,2,4.779 ,0.026 ,0.000 
843,1,0.000 ,0.014 ,0.000 
844,1,0.000 ,0.014 ,0.000 
845,1,0.000 ,0.014 ,0.000 
846,2,0.000 ,0.018 ,0.000 
847,23,3193.433 ,0.139 ,0.001 
848,1,0.000 ,0.014 ,0.000 
849,11,579.068 ,0.067 ,0.000 
850,26,4430.697 ,0.102 ,0.001 
851,1,0.000 ,0.014 ,0.000 
852,12,167.780 ,0.078 ,0.000 
853,3,8.906 ,0.023 ,0.000 
854,1,0.000 ,0.014 ,0.000 
855,4,36.291 ,0.041 ,0.000 
856,9,78.424 ,0.055 ,0.000 
857,12,312.053 ,0.076 ,0.000 
858,3,18.919 ,0.025 ,0.000 
859,3,48.267 ,0.021 ,0.000 
860,1,0.000 ,0.014 ,0.000 
861,22,1916.093 ,0.112 ,0.001 
862,5,49.176 ,0.028 ,0.000 
863,1,0.000 ,0.008 ,0.000 
864,5,92.315 ,0.023 ,0.000 
865,60,6021.511 ,0.332 ,0.002 
866,17,182.650 ,0.090 ,0.001 
867,3,109.540 ,0.016 ,0.000 
868,90,20753.887 ,0.330 ,0.003 
869,21,418.257 ,0.126 ,0.001 
870,2,14.088 ,0.009 ,0.000 
871,2,0.000 ,0.028 ,0.000 
872,5,219.600 ,0.041 ,0.000 
873,4,50.117 ,0.023 ,0.000 
874,32,1685.014 ,0.200 ,0.001 
875,4,38.608 ,0.027 ,0.000 
876,13,250.188 ,0.086 ,0.000 
877,7,65.537 ,0.038 ,0.000 
878,24,3101.927 ,0.093 ,0.001 
879,2,3780.000 ,0.008 ,0.000 
880,1,0.000 ,0.008 ,0.000 
881,1,0.000 ,0.008 ,0.000 
882,1,0.000 ,0.008 ,0.000 
883,6,64.590 ,0.025 ,0.000 
884,10,272.869 ,0.048 ,0.000 
885,8,224.299 ,0.017 ,0.000 
886,23,1175.652 ,0.106 ,0.001 
887,33,5488.767 ,0.190 ,0.001 
888,14,2227.188 ,0.102 ,0.001 
889,28,2661.355 ,0.128 ,0.001 
890,30,2095.527 ,0.200 ,0.001 
891,13,222.219 ,0.067 ,0.000 
892,13,160.416 ,0.099 ,0.000 
893,6,57.862 ,0.036 ,0.000 
894,21,768.099 ,0.086 ,0.001 
895,17,583.611 ,0.093 ,0.001 
896,6,22.744 ,0.052 ,0.000 
897,4,22.580 ,0.046 ,0.000 
898,4,10.166 ,0.051 ,0.000 
899,2,7.464 ,0.008 ,0.000 
900,6,84.859 ,0.052 ,0.000 
901,20,4796.417 ,0.072 ,0.001 
902,5,145.268 ,0.031 ,0.000 
903,50,5044.367 ,0.221 ,0.002 
904,5,110.975 ,0.019 ,0.000 
905,143,23906.285 ,0.651 ,0.004 
906,11,148.864 ,0.057 ,0.000 
907,21,1176.048 ,0.120 ,0.001 
908,20,494.888 ,0.119 ,0.001 
909,16,408.025 ,0.083 ,0.001 
910,9,159.705 ,0.056 ,0.000 
911,14,347.937 ,0.063 ,0.000 
912,4,5.364 ,0.028 ,0.000 
913,4,118.279 ,0.014 ,0.000 
914,26,711.541 ,0.169 ,0.001 
915,1,0.000 ,0.006 ,0.000 
916,7,168.176 ,0.047 ,0.000 
917,6,68.842 ,0.039 ,0.000 
918,46,4061.089 ,0.224 ,0.001 
919,4,21.635 ,0.018 ,0.000 
920,22,1416.543 ,0.100 ,0.001 
921,23,2493.168 ,0.120 ,0.001 
922,7,190.046 ,0.032 ,0.000 
923,2,7.645 ,0.008 ,0.000 
924,17,407.092 ,0.133 ,0.001 
925,2,2.362 ,0.009 ,0.000 
926,30,3000.434 ,0.209 ,0.001 
927,22,679.913 ,0.102 ,0.001 
928,5,30.475 ,0.023 ,0.000 
929,1,0.000 ,0.006 ,0.000 
930,1,0.000 ,0.006 ,0.000 
931,7,36.342 ,0.052 ,0.000 
932,6,93.589 ,0.027 ,0.000 
933,1,0.000 ,0.006 ,0.000 
934,4,12.807 ,0.021 ,0.000 
935,5,48.045 ,0.013 ,0.000 
936,31,3807.839 ,0.151 ,0.001 
937,2,8.847 ,0.005 ,0.000 
938,7,50.679 ,0.037 ,0.000 
939,1,0.000 ,0.003 ,0.000 
940,1,0.000 ,0.003 ,0.000 
941,14,4547.924 ,0.055 ,0.001 
942,20,515.962 ,0.110 ,0.001 
943,22,880.403 ,0.090 ,0.001 
944,29,1774.745 ,0.182 ,0.001 
945,15,2137.994 ,0.069 ,0.001 
946,1,0.000 ,0.004 ,0.000 
947,74,19858.314 ,0.348 ,0.003 
948,3,3.263 ,0.012 ,0.000 
949,4,2.782 ,0.029 ,0.000 
950,20,454.909 ,0.140 ,0.001 
951,60,8099.048 ,0.362 ,0.002 
952,5,10.334 ,0.044 ,0.000 
953,9,143.758 ,0.071 ,0.000 
954,59,7741.390 ,0.251 ,0.002 
955,3,15.055 ,0.021 ,0.000 
956,1,0.000 ,0.008 ,0.000 
957,19,500.373 ,0.129 ,0.001 
958,48,2712.397 ,0.292 ,0.001 
959,22,752.378 ,0.160 ,0.001 
960,26,691.049 ,0.194 ,0.001 
961,21,3516.858 ,0.128 ,0.001 
962,39,2057.050 ,0.245 ,0.001 
963,40,14523.977 ,0.160 ,0.002 
964,15,380.228 ,0.076 ,0.001 
965,6,56.189 ,0.036 ,0.000 
966,13,135.994 ,0.070 ,0.000 
967,20,852.737 ,0.112 ,0.001 
968,12,397.375 ,0.077 ,0.000 
969,1,0.000 ,0.008 ,0.000 
970,5,61.548 ,0.030 ,0.000 
971,10,76.868 ,0.065 ,0.000 
972,24,881.037 ,0.120 ,0.001 
973,22,682.021 ,0.159 ,0.001 
974,2,13.537 ,0.015 ,0.000 
975,1,0.000 ,0.014 ,0.000 
976,8,182.332 ,0.071 ,0.000 
977,5,26.744 ,0.040 ,0.000 
978,31,2981.378 ,0.154 ,0.001 
979,57,7750.453 ,0.320 ,0.002 
980,13,527.436 ,0.087 ,0.000 
981,11,387.954 ,0.078 ,0.000 
982,2,3.454 ,0.034 ,0.000 
983,4,76.773 ,0.029 ,0.000 
984,7,135.611 ,0.044 ,0.000 
985,12,169.057 ,0.108 ,0.000 
986,5,33.916 ,0.028 ,0.000 
987,7,55.476 ,0.043 ,0.000 
988,6,17.987 ,0.060 ,0.000 
989,17,375.684 ,0.106 ,0.001 
990,13,459.553 ,0.075 ,0.000 
991,5,168.820 ,0.017 ,0.000 
992,2,0.000 ,0.028 ,0.000 
993,21,2851.062 ,0.128 ,0.001 
994,2,7.557 ,0.021 ,0.000 
995,4,52.155 ,0.026 ,0.000 
996,1,0.000 ,0.014 ,0.000 
997,1,0.000 ,0.014 ,0.000 
998,1,0.000 ,0.014 ,0.000 
999,1,0.000 ,0.014 ,0.000 
1000,18,822.071 ,0.085 ,0.001 
1001,7,104.084 ,0.048 ,0.000 
1002,52,2963.372 ,0.281 ,0.002 
1003,3,6.000 ,0.026 ,0.000 
1004,19,491.020 ,0.115 ,0.001 
1005,19,1226.830 ,0.096 ,0.001 
1006,3,4.690 ,0.020 ,0.000 
1007,19,666.984 ,0.114 ,0.001 
1008,13,145.848 ,0.094 ,0.000 
1009,71,5242.946 ,0.362 ,0.002 
1010,25,498.102 ,0.172 ,0.001 
1011,21,1743.426 ,0.093 ,0.001 
1012,14,171.318 ,0.104 ,0.000 
1013,2,1.012 ,0.014 ,0.000 
1014,2,18.789 ,0.010 ,0.000 
1015,22,708.496 ,0.129 ,0.001 
1016,4,9.679 ,0.033 ,0.000 
1017,13,327.056 ,0.086 ,0.000 
1018,6,82.393 ,0.035 ,0.000 
1019,7,305.110 ,0.020 ,0.000 
1020,6,76.984 ,0.039 ,0.000 
1021,27,2111.703 ,0.118 ,0.001 
1022,5,11.716 ,0.064 ,0.000 
1023,3,35.630 ,0.020 ,0.000 
1024,8,127.996 ,0.047 ,0.000 
1025,2,0.000 ,0.013 ,0.000 
1026,22,1205.044 ,0.099 ,0.001 
1027,2,3.695 ,0.023 ,0.000 
1028,25,1621.853 ,0.137 ,0.001 
1029,13,361.983 ,0.047 ,0.000 
1030,3,6.948 ,0.021 ,0.000 
1031,37,3757.534 ,0.152 ,0.001 
1032,2,0.845 ,0.010 ,0.000 
1033,1,0.000 ,0.001 ,0.000 
1034,12,217.405 ,0.036 ,0.000 
1035,7,84.755 ,0.023 ,0.000 
1036,26,774.745 ,0.127 ,0.001 
1037,16,252.171 ,0.104 ,0.001 
1038,12,170.494 ,0.086 ,0.000 
1039,13,189.305 ,0.097 ,0.000 
1040,2,1891.000 ,0.006 ,0.000 
1041,6,46.575 ,0.045 ,0.000 
1042,17,1488.208 ,0.107 ,0.001 
1043,17,1228.999 ,0.114 ,0.001 
1044,4,16.318 ,0.006 ,0.000 
1045,1,0.000 ,0.001 ,0.000 
1046,12,891.808 ,0.054 ,0.001 
1047,2,0.000 ,0.006 ,0.000 
1048,4,43.059 ,0.028 ,0.000 
1049,2,2.624 ,0.017 ,0.000 
1050,5,9.211 ,0.037 ,0.000 
1051,2,6.009 ,0.017 ,0.000 
1052,16,2976.151 ,0.041 ,0.001 
1053,7,107.447 ,0.040 ,0.000 
1054,5,55.920 ,0.024 ,0.000 
1055,2,1.359 ,0.013 ,0.000 
1056,2,86.518 ,0.007 ,0.000 
1057,1,0.000 ,0.007 ,0.000 
1058,2,179.218 ,0.007 ,0.000 
1059,1,0.000 ,0.007 ,0.000 
1060,3,14.179 ,0.013 ,0.000 
1061,9,343.916 ,0.025 ,0.000 
1062,3,122.552 ,0.011 ,0.000 
1063,1,0.000 ,0.003 ,0.000 
1064,3,11.537 ,0.014 ,0.000 
1065,9,77.879 ,0.085 ,0.000 
1066,52,3502.975 ,0.213 ,0.002 
1067,18,448.353 ,0.116 ,0.001 
1068,21,346.844 ,0.132 ,0.001 
1069,4,3.025 ,0.030 ,0.000 
1070,78,9725.295 ,0.313 ,0.002 
1071,8,1922.044 ,0.042 ,0.000 
1072,3,1.210 ,0.035 ,0.000 
1073,4,25.307 ,0.008 ,0.000 
1074,3,1.164 ,0.010 ,0.000 
1075,4,37.087 ,0.017 ,0.000 
1076,1,0.000 ,0.006 ,0.000 
1077,9,340.739 ,0.045 ,0.000 
1078,7,171.266 ,0.060 ,0.000 
1079,20,448.930 ,0.101 ,0.001 
1080,2,1.263 ,0.027 ,0.000 
1081,2,0.000 ,0.031 ,0.000 
1082,6,88.734 ,0.051 ,0.000 
1083,3,7.094 ,0.036 ,0.000 
1084,4,81.977 ,0.044 ,0.000 
1085,4,21.731 ,0.053 ,0.000 
1086,9,103.350 ,0.074 ,0.000 
1087,6,90.095 ,0.076 ,0.000 
1088,12,322.534 ,0.104 ,0.000 
1089,18,1732.981 ,0.126 ,0.001 
1090,18,643.183 ,0.102 ,0.001 
1091,9,2044.321 ,0.066 ,0.000 
1092,6,67.947 ,0.043 ,0.000 
1093,14,3689.473 ,0.087 ,0.001 
1094,12,197.824 ,0.120 ,0.000 
1095,2,14.980 ,0.029 ,0.000 
1096,2,1.485 ,0.032 ,0.000 
1097,2,1.485 ,0.032 ,0.000 
1098,3,3.756 ,0.038 ,0.000 
1099,4,72.368 ,0.040 ,0.000 
1100,1,0.000 ,0.021 ,0.000 
1101,5,70.740 ,0.044 ,0.000 
1102,7,1975.482 ,0.069 ,0.000 
1103,10,117.386 ,0.079 ,0.000 
1104,7,526.850 ,0.034 ,0.000 
1105,22,1235.362 ,0.143 ,0.001 
1106,6,71.088 ,0.053 ,0.000 
1107,10,368.661 ,0.054 ,0.000 
1108,16,2090.677 ,0.117 ,0.001 
1109,1,0.000 ,0.020 ,0.000 
1110,20,539.613 ,0.133 ,0.001 
1111,32,1366.337 ,0.169 ,0.001 
1112,8,1939.400 ,0.054 ,0.000 
1113,28,2421.165 ,0.149 ,0.001 
1114,5,53.718 ,0.047 ,0.000 
1115,8,1976.847 ,0.040 ,0.000 
1116,19,406.837 ,0.145 ,0.001 
1117,9,117.091 ,0.079 ,0.000 
1118,25,768.466 ,0.124 ,0.001 
1119,19,1824.313 ,0.093 ,0.001 
1120,1,0.000 ,0.020 ,0.000 
1121,10,96.180 ,0.089 ,0.000 
1122,1,0.000 ,0.020 ,0.000 
1123,6,57.355 ,0.039 ,0.000 
1124,12,460.446 ,0.078 ,0.000 
1125,6,256.441 ,0.044 ,0.000 
1126,3,1.929 ,0.030 ,0.000 
1127,2,0.000 ,0.027 ,0.000 
1128,4,20.657 ,0.033 ,0.000 
1129,5,47.143 ,0.028 ,0.000 
1130,2,5.333 ,0.025 ,0.000 
1131,1,0.000 ,0.020 ,0.000 
1132,2,0.000 ,0.031 ,0.000 
1133,1,0.000 ,0.020 ,0.000 
1134,2,2.790 ,0.025 ,0.000 
1135,2,1891.000 ,0.021 ,0.000 
1136,5,59.112 ,0.028 ,0.000 
1137,1,0.000 ,0.020 ,0.000 
1138,1,0.000 ,0.020 ,0.000 
1139,2,0.000 ,0.028 ,0.000 
1140,1,0.000 ,0.020 ,0.000 
1141,1,0.000 ,0.020 ,0.000 
1142,1,0.000 ,0.020 ,0.000 
1143,2,0.000 ,0.023 ,0.000 
1144,3,24.358 ,0.026 ,0.000 
1145,25,3198.076 ,0.127 ,0.001 
1146,2,22.361 ,0.021 ,0.000 
1147,5,39.253 ,0.047 ,0.000 
1148,12,524.872 ,0.066 ,0.000 
1149,2,3.573 ,0.025 ,0.000 
1150,15,483.994 ,0.092 ,0.001 
1151,12,436.252 ,0.076 ,0.000 
1152,2,4.252 ,0.030 ,0.000 
1153,11,242.393 ,0.065 ,0.000 
1154,34,1950.589 ,0.172 ,0.001 
1155,5,15.726 ,0.041 ,0.000 
1156,33,4764.185 ,0.167 ,0.001 
1157,82,12948.753 ,0.343 ,0.003 
1158,10,675.166 ,0.033 ,0.000 
1159,3,5.568 ,0.014 ,0.000 
1160,8,49.871 ,0.062 ,0.000 
1161,6,133.679 ,0.039 ,0.000 
1162,5,48.840 ,0.043 ,0.000 
1163,1,0.000 ,0.009 ,0.000 
1164,3,7.688 ,0.027 ,0.000 
1165,37,1811.344 ,0.187 ,0.001 
1166,13,138.566 ,0.105 ,0.000 
1167,3,22.333 ,0.020 ,0.000 
1168,4,140.775 ,0.031 ,0.000 
1169,4,33.902 ,0.013 ,0.000 
1170,21,1008.425 ,0.091 ,0.001 
1171,9,76.389 ,0.029 ,0.000 
1172,3,5.654 ,0.010 ,0.000 
1173,6,24.257 ,0.027 ,0.000 
1174,8,58.922 ,0.038 ,0.000 
1175,1,0.000 ,0.004 ,0.000 
1176,2,25.253 ,0.007 ,0.000 
1177,16,497.275 ,0.076 ,0.001 
1178,8,59.805 ,0.038 ,0.000 
1179,7,111.647 ,0.040 ,0.000 
1180,1,0.000 ,0.005 ,0.000 
1181,3,7.000 ,0.008 ,0.000 
1182,12,280.556 ,0.054 ,0.000 
1183,16,255.408 ,0.060 ,0.001 
1184,2,1.015 ,0.007 ,0.000 
1185,46,9714.208 ,0.154 ,0.002 
1186,21,1190.688 ,0.094 ,0.001 
1187,3,11.986 ,0.028 ,0.000 
1188,3,163.185 ,0.020 ,0.000 
1189,1,0.000 ,0.009 ,0.000 
1190,6,82.998 ,0.039 ,0.000 
1191,2,6.562 ,0.010 ,0.000 
1192,8,94.680 ,0.062 ,0.000 
1193,1,0.000 ,0.009 ,0.000 
1194,7,48.579 ,0.048 ,0.000 
1195,3,14.958 ,0.016 ,0.000 
1196,2,7.463 ,0.011 ,0.000 
1197,4,38.304 ,0.038 ,0.000 
1198,14,2055.649 ,0.086 ,0.001 
1199,1,0.000 ,0.009 ,0.000 
1200,1,0.000 ,0.009 ,0.000 
1201,6,309.362 ,0.027 ,0.000 
1202,6,348.623 ,0.034 ,0.000 
1203,1,0.000 ,0.009 ,0.000 
1204,20,4428.127 ,0.092 ,0.001 
1205,12,807.854 ,0.038 ,0.001 
1206,6,1906.254 ,0.030 ,0.000 
1207,1,0.000 ,0.009 ,0.000 
1208,24,601.418 ,0.123 ,0.001 
1209,27,1044.047 ,0.130 ,0.001 
1210,5,28.356 ,0.041 ,0.000 
1211,2,0.000 ,0.018 ,0.000 
1212,10,2017.873 ,0.052 ,0.000 
1213,1,0.000 ,0.002 ,0.000 
1214,69,9484.639 ,0.226 ,0.002 
1215,10,1957.246 ,0.074 ,0.000 
1216,1,0.000 ,0.002 ,0.000 
1217,8,167.661 ,0.024 ,0.000 
1218,1,0.000 ,0.001 ,0.000 
1219,1,0.000 ,0.005 ,0.000 
1220,1,0.000 ,0.005 ,0.000 
1221,1,0.000 ,0.005 ,0.000 
1222,1,0.000 ,0.005 ,0.000 
1223,4,129.732 ,0.022 ,0.000 
1224,1,0.000 ,0.011 ,0.000 
1225,1,0.000 ,0.011 ,0.000 
1226,1,0.000 ,0.011 ,0.000 
1227,5,105.355 ,0.048 ,0.000 
1228,1,0.000 ,0.011 ,0.000 
1229,1,0.000 ,0.011 ,0.000 
1230,5,60.767 ,0.041 ,0.000 
1231,6,1123.413 ,0.055 ,0.000 
1232,39,1770.260 ,0.195 ,0.001 
1233,6,273.549 ,0.038 ,0.000 
1234,3,0.764 ,0.036 ,0.000 
1235,9,77.397 ,0.054 ,0.000 
1236,5,92.710 ,0.029 ,0.000 
1237,1,0.000 ,0.011 ,0.000 
1238,3,27.742 ,0.025 ,0.000 
1239,1,0.000 ,0.002 ,0.000 
1240,2,2.471 ,0.008 ,0.000 
1241,9,257.478 ,0.030 ,0.000 
1242,3,1899.310 ,0.004 ,0.000 
1243,1,0.000 ,0.000 ,0.000 
1244,3,15.759 ,0.022 ,0.000 
1245,14,950.713 ,0.061 ,0.001 
1246,16,585.460 ,0.087 ,0.001 
1247,11,123.218 ,0.053 ,0.000 
1248,7,42.916 ,0.040 ,0.000 
1249,2,34.109 ,0.006 ,0.000 
1250,1,0.000 ,0.005 ,0.000 
1251,1,0.000 ,0.015 ,0.000 
1252,1,0.000 ,0.015 ,0.000 
1253,20,2173.520 ,0.125 ,0.001 
1254,46,2059.263 ,0.260 ,0.001 
1255,2,0.000 ,0.031 ,0.000 
1256,8,257.466 ,0.028 ,0.000 
1257,10,345.560 ,0.076 ,0.000 
1258,4,88.024 ,0.029 ,0.000 
1259,2,3.750 ,0.030 ,0.000 
1260,7,73.423 ,0.048 ,0.000 
1261,1,0.000 ,0.015 ,0.000 
1262,1,0.000 ,0.015 ,0.000 
1263,1,0.000 ,0.015 ,0.000 
1264,18,586.502 ,0.118 ,0.001 
1265,3,6.600 ,0.004 ,0.000 
1266,2,1.230 ,0.010 ,0.000 
1267,6,57.066 ,0.029 ,0.000 
1268,2,0.820 ,0.013 ,0.000 
1269,4,29.373 ,0.017 ,0.000 
1270,4,49.515 ,0.031 ,0.000 
1271,3,31.209 ,0.011 ,0.000 
1272,12,445.094 ,0.041 ,0.000 
1273,9,100.925 ,0.028 ,0.000 
1274,6,175.804 ,0.042 ,0.000 
1275,4,38.258 ,0.026 ,0.000 
1276,2,10.779 ,0.008 ,0.000 
1277,18,1167.401 ,0.101 ,0.001 
1278,8,36.605 ,0.043 ,0.000 
1279,12,273.236 ,0.064 ,0.000 
1280,30,1867.516 ,0.166 ,0.001 
1281,7,86.778 ,0.054 ,0.000 
1282,9,211.705 ,0.051 ,0.000 
1283,4,204.678 ,0.025 ,0.000 
1284,3,5.437 ,0.012 ,0.000 
1285,1,0.000 ,0.003 ,0.000 
1286,1,0.000 ,0.003 ,0.000 
1287,117,24159.343 ,0.537 ,0.004 
1288,4,3.834 ,0.025 ,0.000 
1289,14,284.356 ,0.089 ,0.000 
1290,22,1244.430 ,0.087 ,0.001 
1291,2,0.000 ,0.011 ,0.000 
1292,9,39.772 ,0.049 ,0.000 
1293,6,14.136 ,0.041 ,0.000 
1294,6,22.200 ,0.028 ,0.000 
1295,14,481.991 ,0.061 ,0.001 
1296,4,45.977 ,0.027 ,0.000 
1297,2,3.401 ,0.021 ,0.000 
1298,6,16.001 ,0.021 ,0.000 
1299,3,2.931 ,0.027 ,0.000 
1300,11,477.706 ,0.052 ,0.000 
1301,1,0.000 ,0.004 ,0.000 
1302,4,46.816 ,0.030 ,0.000 
1303,3,12.109 ,0.014 ,0.000 
1306,7,74.850 ,0.041 ,0.000 
1307,18,4888.654 ,0.058 ,0.001 
1308,1,0.000 ,0.004 ,0.000 
1309,14,235.156 ,0.057 ,0.000 
1310,11,2088.932 ,0.029 ,0.001 
1311,5,5676.574 ,0.015 ,0.000 
1312,3,0.000 ,0.018 ,0.000 
1313,15,410.669 ,0.114 ,0.000 
1314,4,25.710 ,0.033 ,0.000 
1315,4,10.833 ,0.046 ,0.000 
1316,9,77.658 ,0.071 ,0.000 
1317,2,1.932 ,0.026 ,0.000 
1318,3,5.550 ,0.026 ,0.000 
1319,16,869.907 ,0.104 ,0.001 
1320,5,23.489 ,0.041 ,0.000 
1321,4,46.709 ,0.026 ,0.000 
1322,2,2.431 ,0.019 ,0.000 
1323,2,4.723 ,0.023 ,0.000 
1324,3,13.895 ,0.031 ,0.000 
1325,7,285.479 ,0.041 ,0.000 
1326,10,93.268 ,0.057 ,0.000 
1327,1,0.000 ,0.016 ,0.000 
1328,1,0.000 ,0.016 ,0.000 
1329,2,0.000 ,0.024 ,0.000 
1330,7,199.074 ,0.032 ,0.000 
1331,1,0.000 ,0.008 ,0.000 
1332,31,2053.894 ,0.143 ,0.001 
1333,2,49.401 ,0.007 ,0.000 
1334,1,0.000 ,0.007 ,0.000 
1335,25,543.601 ,0.145 ,0.001 
1336,3,9.751 ,0.021 ,0.000 
1337,11,156.063 ,0.062 ,0.000 
1338,2,26.696 ,0.019 ,0.000 
1339,1,0.000 ,0.002 ,0.000 
1340,2,1.706 ,0.004 ,0.000 
1341,1,0.000 ,0.005 ,0.000 
1342,3,5.156 ,0.023 ,0.000 
1343,4,5.872 ,0.019 ,0.000 
1344,2,1.026 ,0.011 ,0.000 
1345,2,0.578 ,0.014 ,0.000 
1346,5,19.512 ,0.029 ,0.000 
1347,2,1.615 ,0.002 ,0.000 
1348,4,38.136 ,0.027 ,0.000 
1349,4,19.760 ,0.042 ,0.000 
1350,4,27.884 ,0.013 ,0.000 
1351,9,215.664 ,0.064 ,0.000 
1352,1,0.000 ,0.007 ,0.000 
1353,2,3.209 ,0.009 ,0.000 
1354,2,0.000 ,0.018 ,0.000 
1355,8,205.296 ,0.041 ,0.000 
1356,12,284.529 ,0.066 ,0.000 
1357,2,24.438 ,0.009 ,0.000 
1358,1,0.000 ,0.007 ,0.000 
1359,1,0.000 ,0.007 ,0.000 
1360,1,0.000 ,0.007 ,0.000 
1361,1,0.000 ,0.007 ,0.000 
1362,1,0.000 ,0.003 ,0.000 
1363,24,1207.606 ,0.107 ,0.001 
1364,4,68.662 ,0.026 ,0.000 
1365,11,188.869 ,0.053 ,0.000 
1366,7,55.382 ,0.045 ,0.000 
1367,12,126.309 ,0.076 ,0.000 
1368,18,1125.618 ,0.115 ,0.001 
1369,11,70.385 ,0.090 ,0.000 
1370,11,1971.072 ,0.073 ,0.000 
1371,17,319.208 ,0.105 ,0.001 
1372,7,237.446 ,0.047 ,0.000 
1373,3,5.751 ,0.017 ,0.000 
1374,7,36.700 ,0.043 ,0.000 
1375,30,3215.997 ,0.120 ,0.001 
1376,8,44.309 ,0.063 ,0.000 
1377,4,15.019 ,0.018 ,0.000 
1378,2,0.000 ,0.009 ,0.000 
1379,6,2309.780 ,0.011 ,0.000 
1380,6,34.137 ,0.038 ,0.000 
1381,2,1.174 ,0.013 ,0.000 
1382,23,3563.899 ,0.101 ,0.001 
1383,2,0.000 ,0.004 ,0.000 
1384,18,1727.263 ,0.112 ,0.001 
1385,1,0.000 ,0.002 ,0.000 
1386,3,6.908 ,0.013 ,0.000 
1387,12,325.383 ,0.067 ,0.000 
1388,1,0.000 ,0.003 ,0.000 
1389,2,3.905 ,0.015 ,0.000 
1390,6,63.704 ,0.057 ,0.000 
1391,2,2.227 ,0.012 ,0.000 
1392,8,1906.699 ,0.023 ,0.000 
1393,5,22.428 ,0.039 ,0.000 
1394,2,1.665 ,0.003 ,0.000 
1395,1,0.000 ,0.002 ,0.000 
1396,1,0.000 ,0.006 ,0.000 
1397,2,15.769 ,0.010 ,0.000 
1398,6,52.038 ,0.023 ,0.000 
1399,10,215.850 ,0.051 ,0.000 
1400,15,483.993 ,0.051 ,0.001 
1401,11,187.675 ,0.053 ,0.000 
1402,15,81.968 ,0.057 ,0.000 
1403,1,0.000 ,0.006 ,0.000 
1404,2,4.025 ,0.007 ,0.000 
1405,8,123.449 ,0.048 ,0.000 
1406,75,6091.434 ,0.370 ,0.002 
1407,2,0.000 ,0.017 ,0.000 
1408,1,0.000 ,0.011 ,0.000 
1409,2,10.471 ,0.015 ,0.000 
1410,19,737.344 ,0.107 ,0.001 
1411,4,9.591 ,0.032 ,0.000 
1412,1,0.000 ,0.005 ,0.000 
1413,5,314.048 ,0.029 ,0.000 
1414,4,8.334 ,0.029 ,0.000 
1415,2,1.313 ,0.008 ,0.000 
1416,1,0.000 ,0.007 ,0.000 
1417,4,3.447 ,0.017 ,0.000 
1418,5,23.378 ,0.021 ,0.000 
1419,2,0.270 ,0.007 ,0.000 
1420,6,57.546 ,0.022 ,0.000 
1421,3,8.403 ,0.020 ,0.000 
1422,1,0.000 ,0.011 ,0.000 
1423,2,23.707 ,0.019 ,0.000 
1424,1,0.000 ,0.011 ,0.000 
1425,1,0.000 ,0.011 ,0.000 
1426,6,65.839 ,0.030 ,0.000 
1427,7,109.167 ,0.030 ,0.000 
1428,1,0.000 ,0.010 ,0.000 
1429,1,0.000 ,0.010 ,0.000 
1430,6,85.437 ,0.049 ,0.000 
1431,17,2266.578 ,0.087 ,0.001 
1432,1,0.000 ,0.010 ,0.000 
1433,5,7.263 ,0.036 ,0.000 
1434,4,9.340 ,0.023 ,0.000 
1435,1,0.000 ,0.010 ,0.000 
1436,1,0.000 ,0.010 ,0.000 
1437,1,0.000 ,0.010 ,0.000 
1438,2,0.000 ,0.003 ,0.000 
1439,4,12.856 ,0.017 ,0.000 
1440,2,0.000 ,0.011 ,0.000 
1441,9,23.154 ,0.059 ,0.000 
1442,10,147.216 ,0.036 ,0.000 
1443,5,229.224 ,0.022 ,0.000 
1444,13,224.296 ,0.047 ,0.000 
1445,2,3.344 ,0.003 ,0.000 
1446,20,654.490 ,0.071 ,0.001 
1447,11,243.537 ,0.065 ,0.000 
1448,1,0.000 ,0.007 ,0.000 
1449,3,10.802 ,0.018 ,0.000 
1450,1,0.000 ,0.005 ,0.000 
1451,1,0.000 ,0.001 ,0.000 
1452,1,0.000 ,0.001 ,0.000 
1453,3,24.263 ,0.011 ,0.000 
1454,3,14.574 ,0.009 ,0.000 
1455,19,13763.821 ,0.032 ,0.001 
1456,3,28.477 ,0.024 ,0.000 
1457,2,1.163 ,0.010 ,0.000 
1458,14,265.614 ,0.088 ,0.000 
1459,1,0.000 ,0.006 ,0.000 
1460,3,8.204 ,0.016 ,0.000 
1461,8,252.348 ,0.050 ,0.000 
1462,1,0.000 ,0.005 ,0.000 
1463,6,55.611 ,0.043 ,0.000 
1464,25,1617.434 ,0.084 ,0.001 
1465,1,0.000 ,0.006 ,0.000 
1466,3,4.296 ,0.030 ,0.000 
1467,3,20.073 ,0.013 ,0.000 
1468,2,8.917 ,0.015 ,0.000 
1469,1,0.000 ,0.005 ,0.000 
1470,2,0.000 ,0.017 ,0.000 
1471,4,14.095 ,0.033 ,0.000 
1472,10,158.149 ,0.068 ,0.000 
1473,2,13.651 ,0.016 ,0.000 
1474,11,76.713 ,0.059 ,0.000 
1475,8,131.175 ,0.038 ,0.000 
1476,4,10.011 ,0.029 ,0.000 
1477,13,784.655 ,0.051 ,0.001 
1478,2,0.000 ,0.016 ,0.000 
1479,2,0.226 ,0.017 ,0.000 
1480,1,0.000 ,0.005 ,0.000 
1481,9,99.218 ,0.083 ,0.000 
1482,2,1.124 ,0.010 ,0.000 
1483,4,9.952 ,0.019 ,0.000 
1484,17,2870.338 ,0.053 ,0.001 
1485,1,0.000 ,0.016 ,0.000 
1486,3,14.629 ,0.024 ,0.000 
1487,2,18.696 ,0.017 ,0.000 
1488,5,1979.680 ,0.023 ,0.000 
1489,5,101.619 ,0.031 ,0.000 
1490,3,56.211 ,0.022 ,0.000 
1491,1,0.000 ,0.016 ,0.000 
1492,1,0.000 ,0.016 ,0.000 
1493,2,38.807 ,0.019 ,0.000 
1494,1,0.000 ,0.016 ,0.000 
1495,1,0.000 ,0.016 ,0.000 
1496,1,0.000 ,0.016 ,0.000 
1497,1,0.000 ,0.016 ,0.000 
1498,1,0.000 ,0.016 ,0.000 
1499,1,0.000 ,0.016 ,0.000 
1500,2,11.451 ,0.018 ,0.000 
1501,1,0.000 ,0.016 ,0.000 
1502,1,0.000 ,0.016 ,0.000 
1503,1,0.000 ,0.016 ,0.000 
1504,1,0.000 ,0.016 ,0.000 
1505,1,0.000 ,0.016 ,0.000 
1506,12,360.412 ,0.087 ,0.000 
1507,1,0.000 ,0.004 ,0.000 
1508,1,0.000 ,0.004 ,0.000 
1509,1,0.000 ,0.002 ,0.000 
1510,8,34.873 ,0.052 ,0.000 
1511,15,806.072 ,0.063 ,0.001 
1512,4,8.924 ,0.018 ,0.000 
1513,30,961.844 ,0.159 ,0.001 
1514,1,0.000 ,0.000 ,0.000 
1515,3,18.662 ,0.008 ,0.000 
1516,6,71.954 ,0.025 ,0.000 
1517,2,8.054 ,0.005 ,0.000 
1518,6,77.740 ,0.027 ,0.000 
1519,9,27.467 ,0.047 ,0.000 
1520,6,31.387 ,0.028 ,0.000 
1521,8,101.856 ,0.055 ,0.000 
1522,1,0.000 ,0.007 ,0.000 
1523,2,1.022 ,0.015 ,0.000 
1524,6,19.669 ,0.027 ,0.000 
1525,3,17.372 ,0.012 ,0.000 
1526,1,0.000 ,0.006 ,0.000 
1527,1,0.000 ,0.004 ,0.000 
1528,4,49.225 ,0.006 ,0.000 
1529,13,197.356 ,0.065 ,0.000 
1530,3,20.731 ,0.021 ,0.000 
1531,1,0.000 ,0.005 ,0.000 
1532,15,607.052 ,0.052 ,0.001 
1533,2,1.248 ,0.011 ,0.000 
1534,1,0.000 ,0.007 ,0.000 
1535,4,5.934 ,0.019 ,0.000 
1536,13,170.635 ,0.054 ,0.000 
1537,9,120.255 ,0.038 ,0.000 
1538,4,12.211 ,0.020 ,0.000 
1539,2,0.000 ,0.003 ,0.000 
1540,1,0.000 ,0.011 ,0.000 
1541,2,0.000 ,0.007 ,0.000 
1542,3,1891.956 ,0.005 ,0.000 
1543,7,179.142 ,0.031 ,0.000 
1544,3,1891.000 ,0.015 ,0.000 
1545,1,0.000 ,0.007 ,0.000 
1546,1,0.000 ,0.007 ,0.000 
1547,4,15.616 ,0.018 ,0.000 
1548,17,523.690 ,0.066 ,0.001 
1549,1,0.000 ,0.003 ,0.000 
1550,4,0.000 ,0.012 ,0.000 
1551,4,38.057 ,0.018 ,0.000 
1552,3,6.532 ,0.004 ,0.000 
1553,1,0.000 ,0.002 ,0.000 
1554,5,23.974 ,0.028 ,0.000 
1555,5,39.566 ,0.033 ,0.000 
1556,1,0.000 ,0.002 ,0.000 
1557,1,0.000 ,0.002 ,0.000 
1558,1,0.000 ,0.008 ,0.000 
1559,1,0.000 ,0.008 ,0.000 
1560,1,0.000 ,0.008 ,0.000 
1561,2,7.614 ,0.011 ,0.000 
1562,6,237.024 ,0.024 ,0.000 
1563,4,55.553 ,0.019 ,0.000 
1564,2,13.119 ,0.010 ,0.000 
1565,2,23.245 ,0.009 ,0.000 
1566,1,0.000 ,0.008 ,0.000 
1567,1,0.000 ,0.008 ,0.000 
1568,1,0.000 ,0.008 ,0.000 
1569,1,0.000 ,0.008 ,0.000 
1570,1,0.000 ,0.008 ,0.000 
1571,1,0.000 ,0.008 ,0.000 
1572,1,0.000 ,0.008 ,0.000 
1573,1,0.000 ,0.008 ,0.000 
1574,1,0.000 ,0.008 ,0.000 
1575,1,0.000 ,0.008 ,0.000 
1576,1,0.000 ,0.008 ,0.000 
1577,3,37.531 ,0.012 ,0.000 
1578,3,16.701 ,0.013 ,0.000 
1579,1,0.000 ,0.005 ,0.000 
1580,2,0.000 ,0.007 ,0.000 
1581,24,727.259 ,0.146 ,0.001 
1582,3,4.011 ,0.012 ,0.000 
1583,2,0.934 ,0.012 ,0.000 
1584,3,4.356 ,0.014 ,0.000 
1585,1,0.000 ,0.006 ,0.000 
1586,2,0.484 ,0.009 ,0.000 
1587,11,422.634 ,0.039 ,0.000 
1588,1,0.000 ,0.004 ,0.000 
1589,5,92.330 ,0.019 ,0.000 
1590,3,7.729 ,0.004 ,0.000 
1591,2,4.243 ,0.008 ,0.000 
1592,1,0.000 ,0.002 ,0.000 
1593,10,619.618 ,0.046 ,0.000 
1594,2,4.902 ,0.011 ,0.000 
1595,5,493.160 ,0.030 ,0.000 
1596,13,191.315 ,0.074 ,0.000 
1597,6,17.179 ,0.034 ,0.000 
1598,3,7.878 ,0.012 ,0.000 
1599,6,299.308 ,0.047 ,0.000 
1600,1,0.000 ,0.015 ,0.000 
1601,3,16.930 ,0.007 ,0.000 
1602,3,1895.438 ,0.010 ,0.000 
1603,1,0.000 ,0.003 ,0.000 
1604,2,0.000 ,0.001 ,0.000 
1605,3,5.599 ,0.018 ,0.000 
1606,1,0.000 ,0.007 ,0.000 
1607,2,4.027 ,0.003 ,0.000 
1608,4,764.429 ,0.012 ,0.000 
1609,1,0.000 ,0.008 ,0.000 
1610,3,5.478 ,0.013 ,0.000 
1611,1,0.000 ,0.004 ,0.000 
1612,2,15.014 ,0.002 ,0.000 
1613,3,29.103 ,0.003 ,0.000 
1614,3,11.102 ,0.005 ,0.000 
1615,1,0.000 ,0.001 ,0.000 
1616,3,8.309 ,0.012 ,0.000 
1617,10,1678.724 ,0.029 ,0.000 
1618,2,14.089 ,0.002 ,0.000 
1619,2,0.000 ,0.019 ,0.000 
1620,1,0.000 ,0.016 ,0.000 
1621,2,0.000 ,0.026 ,0.000 
1622,2,30.174 ,0.017 ,0.000 
1623,10,89.060 ,0.042 ,0.000 
1624,1,0.000 ,0.007 ,0.000 
1625,1,0.000 ,0.001 ,0.000 
1626,1,0.000 ,0.001 ,0.000 
1627,2,49.962 ,0.007 ,0.000 
1628,1,0.000 ,0.001 ,0.000 
1629,1,0.000 ,0.001 ,0.000 
1630,1,0.000 ,0.001 ,0.000 
1631,1,0.000 ,0.001 ,0.000 
1632,4,34.977 ,0.028 ,0.000 
1633,1,0.000 ,0.005 ,0.000 
1634,4,21.019 ,0.018 ,0.000 
1635,2,4.701 ,0.004 ,0.000 
1636,1,0.000 ,0.008 ,0.000 
1637,1,0.000 ,0.008 ,0.000 
1638,1,0.000 ,0.008 ,0.000 
1639,2,1.954 ,0.023 ,0.000 
1640,4,1908.847 ,0.018 ,0.000 
1641,1,0.000 ,0.009 ,0.000 
1642,1,0.000 ,0.009 ,0.000 
1643,3,5.532 ,0.018 ,0.000 
1644,5,12.570 ,0.027 ,0.000 
1645,2,6.455 ,0.012 ,0.000 
1646,1,0.000 ,0.010 ,0.000 
1647,7,68.366 ,0.071 ,0.000 
1648,1,0.000 ,0.010 ,0.000 
1649,5,1910.976 ,0.021 ,0.000 
1650,1,0.000 ,0.001 ,0.000 
1651,5,100.481 ,0.007 ,0.000 
1652,1,0.000 ,0.003 ,0.000 
1653,3,0.000 ,0.029 ,0.000 
1654,2,1.538 ,0.010 ,0.000 
1655,8,122.155 ,0.033 ,0.000 
1656,1,0.000 ,0.007 ,0.000 
1657,1,0.000 ,0.015 ,0.000 
1658,1,0.000 ,0.015 ,0.000 
1659,1,0.000 ,0.015 ,0.000 
1660,3,16.620 ,0.018 ,0.000 
1661,5,36.071 ,0.034 ,0.000 
1662,1,0.000 ,0.015 ,0.000 
1663,1,0.000 ,0.015 ,0.000 
1664,4,14.072 ,0.032 ,0.000 
1665,4,72.914 ,0.020 ,0.000 
1666,2,0.000 ,0.018 ,0.000 
1667,2,5.732 ,0.018 ,0.000 
1668,1,0.000 ,0.002 ,0.000 
1669,1,0.000 ,0.002 ,0.000 
1670,5,17.612 ,0.031 ,0.000 
1671,1,0.000 ,0.003 ,0.000 
1672,1,0.000 ,0.003 ,0.000 
1673,12,84.019 ,0.064 ,0.000 
1674,2,3.700 ,0.006 ,0.000 
1675,3,118.643 ,0.008 ,0.000 
1676,2,3.168 ,0.009 ,0.000 
1677,1,0.000 ,0.007 ,0.000 
1678,2,0.000 ,0.008 ,0.000 
1679,1,0.000 ,0.001 ,0.000 
1680,2,0.000 ,0.005 ,0.000 
1681,4,16.529 ,0.009 ,0.000 
1682,1,0.000 ,0.001 ,0.000 
1683,1,0.000 ,0.004 ,0.000 
1684,1,0.000 ,0.004 ,0.000 
1685,2,87.991 ,0.004 ,0.000 
1686,1,0.000 ,0.004 ,0.000 
1687,1,0.000 ,0.004 ,0.000 
1688,2,0.000 ,0.005 ,0.000 
1689,1,0.000 ,0.001 ,0.000 
1690,2,2.850 ,0.008 ,0.000 
1691,2,0.000 ,0.003 ,0.000 
1692,2,0.328 ,0.011 ,0.000 
1693,4,3.692 ,0.020 ,0.000 
1694,7,1380.941 ,0.018 ,0.000 
1695,1,0.000 ,0.002 ,0.000 
1696,1,0.000 ,0.007 ,0.000 
1697,5,506.316 ,0.040 ,0.000 
1698,1,0.000 ,0.004 ,0.000 
1699,1,0.000 ,0.004 ,0.000 
1700,1,0.000 ,0.004 ,0.000 
1701,1,0.000 ,0.004 ,0.000 
1702,1,0.000 ,0.005 ,0.000 
1703,1,0.000 ,0.005 ,0.000 
1704,3,7.367 ,0.019 ,0.000 
1705,6,46.694 ,0.012 ,0.000 
1706,4,303.823 ,0.020 ,0.000 
1707,2,0.000 ,0.006 ,0.000 
1708,1,0.000 ,0.005 ,0.000 
1709,1,0.000 ,0.005 ,0.000 
1710,1,0.000 ,0.001 ,0.000 
1711,4,16.738 ,0.012 ,0.000 
1712,2,11.935 ,0.004 ,0.000 
1713,2,5.776 ,0.006 ,0.000 
1714,2,1891.000 ,0.003 ,0.000 
1715,1,0.000 ,0.002 ,0.000 
1716,2,2.768 ,0.003 ,0.000 
1717,2,7.827 ,0.003 ,0.000 
1718,3,11.733 ,0.010 ,0.000 
1719,4,17.115 ,0.019 ,0.000 
1720,2,0.000 ,0.002 ,0.000 
1721,1,0.000 ,0.006 ,0.000 
1722,6,54.932 ,0.022 ,0.000 
1723,1,0.000 ,0.002 ,0.000 
1724,1,0.000 ,0.001 ,0.000 
1725,2,2.282 ,0.008 ,0.000 
1726,3,13.598 ,0.006 ,0.000 
1727,2,1.577 ,0.007 ,0.000 
1728,2,2.944 ,0.001 ,0.000 
1729,1,0.000 ,0.001 ,0.000 
1730,4,21.663 ,0.015 ,0.000 
1731,1,0.000 ,0.005 ,0.000 
1732,1,0.000 ,0.001 ,0.000 
1733,1,0.000 ,0.002 ,0.000 
1734,2,1.000 ,0.005 ,0.000 
1735,2,14.498 ,0.003 ,0.000 
1736,4,26.502 ,0.013 ,0.000 
1737,1,0.000 ,0.001 ,0.000 
1738,2,26.922 ,0.003 ,0.000 
1739,1,0.000 ,0.001 ,0.000 
1740,2,1.832 ,0.007 ,0.000 
1741,1,0.000 ,0.005 ,0.000 
1742,1,0.000 ,0.002 ,0.000 
1743,7,77.931 ,0.022 ,0.000 
1744,5,19.602 ,0.011 ,0.000 
1745,1,0.000 ,0.003 ,0.000 
1746,1,0.000 ,0.001 ,0.000 
1747,3,6.718 ,0.012 ,0.000 
1748,1,0.000 ,0.004 ,0.000 
1749,2,0.000 ,0.010 ,0.000 
1750,1,0.000 ,0.006 ,0.000 
1751,5,28.173 ,0.007 ,0.000 
1752,1,0.000 ,0.002 ,0.000 
1753,1,0.000 ,0.002 ,0.000 
1754,1,0.000 ,0.001 ,0.000 
1755,13,1959.595 ,0.052 ,0.001 
1756,1,0.000 ,0.001 ,0.000 
1757,6,37.170 ,0.012 ,0.000 
1758,1,0.000 ,0.003 ,0.000 
1759,1,0.000 ,0.007 ,0.000 
1760,1,0.000 ,0.004 ,0.000 
1761,1,0.000 ,0.007 ,0.000 
1762,1,0.000 ,0.007 ,0.000 
1763,1,0.000 ,0.003 ,0.000 
1764,1,0.000 ,0.005 ,0.000 
1765,3,2.727 ,0.011 ,0.000 
1766,1,0.000 ,0.004 ,0.000 
1767,1,0.000 ,0.002 ,0.000 
1768,1,0.000 ,0.004 ,0.000 
1769,1,0.000 ,0.001 ,0.000 
1770,5,39.119 ,0.017 ,0.000 
1771,1,0.000 ,0.003 ,0.000 
1772,1,0.000 ,0.003 ,0.000 
1773,1,0.000 ,0.002 ,0.000 
1774,2,9.078 ,0.005 ,0.000 
1775,1,0.000 ,0.004 ,0.000 
1776,1,0.000 ,0.004 ,0.000 
1777,1,0.000 ,0.002 ,0.000 
1778,2,1.400 ,0.013 ,0.000 
1779,1,0.000 ,0.010 ,0.000 
1780,1,0.000 ,0.010 ,0.000 
1781,1,0.000 ,0.005 ,0.000 
1782,1,0.000 ,0.000 ,0.000 
1783,4,64.257 ,0.010 ,0.000 
1784,1,0.000 ,0.004 ,0.000 
1785,2,1.125 ,0.006 ,0.000 
1786,1,0.000 ,0.008 ,0.000 
1787,1,0.000 ,0.004 ,0.000 
1788,1,0.000 ,0.004 ,0.000 
1789,2,1.796 ,0.011 ,0.000 
1790,3,0.000 ,0.011 ,0.000 
1791,2,8.831 ,0.005 ,0.000 
1792,1,0.000 ,0.003 ,0.000 
1793,1,0.000 ,0.003 ,0.000 
1794,1,0.000 ,0.003 ,0.000 
1795,1,0.000 ,0.003 ,0.000 
1796,1,0.000 ,0.003 ,0.000 
1797,1,0.000 ,0.006 ,0.000 
1798,1,0.000 ,0.011 ,0.000 
1799,2,1172.876 ,0.012 ,0.000 
1800,1,0.000 ,0.011 ,0.000 
1801,1,0.000 ,0.014 ,0.000 
1802,1,0.000 ,0.006 ,0.000 
1803,2,6.293 ,0.006 ,0.000 
1804,3,6.960 ,0.008 ,0.000 
1805,1,0.000 ,0.003 ,0.000 
1806,3,6.821 ,0.013 ,0.000 
1807,1,0.000 ,0.001 ,0.000 
1808,4,1907.277 ,0.014 ,0.000 
1809,1,0.000 ,0.005 ,0.000 
1810,1,0.000 ,0.005 ,0.000 
1811,4,7.498 ,0.010 ,0.000 
1812,1,0.000 ,0.002 ,0.000 
1813,2,2.098 ,0.005 ,0.000 
1814,1,0.000 ,0.001 ,0.000 
1815,1,0.000 ,0.001 ,0.000 
1816,2,5.970 ,0.002 ,0.000 
1817,4,95.135 ,0.014 ,0.000 
1818,2,4.714 ,0.001 ,0.000 
1819,1,0.000 ,0.002 ,0.000 
1820,1,0.000 ,0.002 ,0.000 
1821,1,0.000 ,0.001 ,0.000 
1822,1,0.000 ,0.002 ,0.000 
1823,1,0.000 ,0.002 ,0.000 
1824,1,0.000 ,0.001 ,0.000 
1825,1,0.000 ,0.003 ,0.000 
1826,1,0.000 ,0.003 ,0.000 
1827,2,41.004 ,0.009 ,0.000 
1828,3,70.301 ,0.007 ,0.000 
1829,1,0.000 ,0.001 ,0.000 
1830,1,0.000 ,0.001 ,0.000 
1831,1,0.000 ,0.001 ,0.000 
1832,1,0.000 ,0.001 ,0.000 
1833,1,0.000 ,0.001 ,0.000 
1834,2,0.859 ,0.006 ,0.000 
1835,1,0.000 ,0.002 ,0.000 
1836,1,0.000 ,0.000 ,0.000 
1837,2,2.366 ,0.004 ,0.000 
1838,1,0.000 ,0.002 ,0.000 
1839,3,17.654 ,0.011 ,0.000 
1840,1,0.000 ,0.002 ,0.000 
1841,2,20.464 ,0.010 ,0.000 
1842,1,0.000 ,0.002 ,0.000 
1843,2,3.179 ,0.015 ,0.000 
1844,1,0.000 ,0.005 ,0.000 
1845,1,0.000 ,0.004 ,0.000 
1846,4,2748.450 ,0.008 ,0.000 
1847,1,0.000 ,0.008 ,0.000 
1848,1,0.000 ,0.008 ,0.000 
1849,1,0.000 ,0.008 ,0.000 
1850,5,1895.798 ,0.008 ,0.000 
1851,2,10.142 ,0.010 ,0.000 
1852,2,2.626 ,0.006 ,0.000 
1853,2,12.985 ,0.003 ,0.000 
1854,2,3.582 ,0.003 ,0.000 
1855,1,0.000 ,0.002 ,0.000 
1856,2,3.838 ,0.007 ,0.000 
1857,3,6.479 ,0.021 ,0.000 
1858,1,0.000 ,0.002 ,0.000 
1859,1,0.000 ,0.000 ,0.000 
1860,1,0.000 ,0.004 ,0.000 
1861,2,1891.000 ,0.001 ,0.000 
1862,1,0.000 ,0.000 ,0.000 
1863,1,0.000 ,0.008 ,0.000 
1864,1,0.000 ,0.003 ,0.000 
1865,1,0.000 ,0.003 ,0.000 
1866,1,0.000 ,0.003 ,0.000 
1867,1,0.000 ,0.000 ,0.000 
1868,1,0.000 ,0.003 ,0.000 
1869,1,0.000 ,0.001 ,0.000 
1870,2,5.072 ,0.016 ,0.000 
1871,1,0.000 ,0.008 ,0.000 
1872,1,0.000 ,0.008 ,0.000 
1873,1,0.000 ,0.004 ,0.000 
1874,2,0.584 ,0.017 ,0.000 
1875,1,0.000 ,0.003 ,0.000 
1876,1,0.000 ,0.002 ,0.000 
1877,1,0.000 ,0.006 ,0.000 
1878,1,0.000 ,0.000 ,0.000 
1879,1,0.000 ,0.010 ,0.000 
1880,1,0.000 ,0.010 ,0.000 
1881,1,0.000 ,0.003 ,0.000 
1882,1,0.000 ,0.003 ,0.000 
1883,2,26.374 ,0.001 ,0.000 
1884,1,0.000 ,0.008 ,0.000 
1887,2,1891.000 ,0.001 ,0.000 
1888,1,0.000 ,0.000 ,0.000 
1891,1,0.000 ,0.001 ,0.000 
1892,3,88.577 ,0.002 ,0.000 
1893,1,0.000 ,0.000 ,0.000 
1894,1,0.000 ,0.000 ,0.000 
1895,1,0.000 ,0.002 ,0.000 
1896,1,0.000 ,0.001 ,0.000 
1897,1,0.000 ,0.004 ,0.000 
1898,1,0.000 ,0.003 ,0.000 
1899,26,1106.377 ,0.118 ,0.001 
